{"editor":{"ForEachLoop":{"count":[100000],"ms":[0.13528930023312569]},"ForLoop":{"count":[100000,900],"ms":[0.10516380146145821,0.00092459842562675476]},"ForLoop_SetInt":{"count":[100000,900],"ms":[0.12432320043444633,0.0010496005415916443]},"ForLoopWithBreak":{"count":[100000],"ms":[0.15106360241770744]},"ForEachLoopWithBreak":{"count":[],"ms":[]},"WhileLoop":{"count":[100000],"ms":[0.11755819991230965]},"ReverseForEachLoop":{"count":[],"ms":[]},"ForLoopNested":{"count":[1000,800,900,100],"ms":[-1202.7163052000105,0.66627869755029678,0.83632740005850792,0.010574199259281158]}},"development":{"ForEachLoop":{"count":[],"ms":[]},"ForLoop":{"count":[100000],"ms":[0.009871799498796463]},"ForLoop_SetInt":{"count":[100000],"ms":[0.012266498059034348]},"ForLoopWithBreak":{"count":[],"ms":[]},"ForEachLoopWithBreak":{"count":[],"ms":[]},"WhileLoop":{"count":[],"ms":[]},"ReverseForEachLoop":{"count":[],"ms":[]},"ForLoopNested":{"count":[900,600],"ms":[0.076160401105880737,0.035550899803638458]}},"packaged":{"ForEachLoop":{"count":[],"ms":[]},"ForLoop":{"count":[100000],"ms":[0.007009599357843399]},"ForLoop_SetInt":{"count":[100000],"ms":[0.008753802627325058]},"ForLoopWithBreak":{"count":[],"ms":[]},"ForEachLoopWithBreak":{"count":[],"ms":[]},"WhileLoop":{"count":[],"ms":[]},"ReverseForEachLoop":{"count":[],"ms":[]},"ForLoopNested":{"count":[900],"ms":[0.056120198220014572]}}}