{"editor":{"ForLoop":{"count":[],"ms":[]},"ForLoop_SetInt":{"count":[],"ms":[]},"ForLoopNested":{"count":[],"ms":[]},"ForLoopWithBreak":{"count":[],"ms":[]},"ForEachLoop":{"count":[],"ms":[]},"ForEachLoopWithBreak":{"count":[],"ms":[]},"WhileLoop":{"count":[],"ms":[]},"ReverseForEachLoop":{"count":[],"ms":[]},"Recursion":{"count":[],"ms":[]},"SpawnActor_Light":{"count":[10,1000,6000,2000],"ms":[0.001929599791765213,0.15515340119600296,0.92068779841065407,0.31413060054183006]},"SpawnActor_Moderate":{"count":[3000,2000],"ms":[1.1208849027752876,0.84180860221385956]},"SaveData":{"count":[10,10000,8000,7000,6000],"ms":[0.001869499683380127,1.3185763992369175,1.0495195984840393,1.012525100260973,0.82079499959945679]},"LoadData":{"count":[10,200,2000,10000,1000],"ms":[0.0015278011560440063,0.012371700257062912,0.11426930129528046,0.56973870098590851,0.058933302760124207]}},"development":{"ForLoop":{"count":[],"ms":[]},"ForLoop_SetInt":{"count":[],"ms":[]},"ForLoopNested":{"count":[],"ms":[]},"ForLoopWithBreak":{"count":[],"ms":[]},"ForEachLoop":{"count":[],"ms":[]},"ForEachLoopWithBreak":{"count":[],"ms":[]},"WhileLoop":{"count":[],"ms":[]},"ReverseForEachLoop":{"count":[],"ms":[]},"Recursion":{"count":[],"ms":[]},"SpawnActor_Light":{"count":[6000,2000],"ms":[0.19131400063633919,0.058173798024654388]},"SpawnActor_Moderate":{"count":[2000],"ms":[0.33522710204124451]},"SaveData":{"count":[6000],"ms":[0.79001700133085251]},"LoadData":{"count":[10000],"ms":[0.56477389857172966]}},"packaged":{"ForLoop":{"count":[],"ms":[]},"ForLoop_SetInt":{"count":[],"ms":[]},"ForLoopNested":{"count":[],"ms":[]},"ForLoopWithBreak":{"count":[],"ms":[]},"ForEachLoop":{"count":[],"ms":[]},"ForEachLoopWithBreak":{"count":[],"ms":[]},"WhileLoop":{"count":[],"ms":[]},"ReverseForEachLoop":{"count":[],"ms":[]},"Recursion":{"count":[],"ms":[]},"SpawnActor_Light":{"count":[6000,2000],"ms":[0.1017438992857933,0.031347900629043579]},"SpawnActor_Moderate":{"count":[2000],"ms":[0.18192799761891365]},"SaveData":{"count":[6000],"ms":[1.2167579978704453]},"LoadData":{"count":[10000,6000],"ms":[0.43684530258178711,0.25844850018620491]}}}