{"editor":{"ForLoop":{"count":[100000,25555,255555,400000,500000,222,200000,300000,1000,100,10000,10,20,40,80,70,60,900],"ms":[0.10254029929637909,0.026903998106718063,0.27350679785013199,0.42558589950203896,0.51522519811987877,0.00023759901523590088,0.21169359982013702,0.33543940261006355,0.0010005980730056763,0.0015043988823890686,0.010003499686717987,0.0002084001898765564,0.00035579875111579895,0.00063139945268630981,0.0012170001864433289,0.0010694004595279694,0.00091570243239402771,0.00089100003242492676]},"ForEachLoop":{"count":[100000,30000,200000,400000,500000],"ms":[0.13401250168681145,0.042373400181531906,0.28065089881420135,0.56759919971227646,0.66988499835133553]},"ForEachLoopWithBreak":{"count":[0,100000,500000],"ms":[5.3979456424713135e-06,0.15119839832186699,0.76576080173254013]},"ForLoopWithBreak":{"count":[100000,500000,900,800,700,600],"ms":[0.15623399987816811,0.75339050218462944,0.0013654008507728577,0.0011783018708229065,0.0010452009737491608,0.00087789818644523621]},"WhileLoop":{"count":[100000,500000],"ms":[0.11678840219974518,0.59620010107755661]},"ReverseForEachLoop":{"count":[100000,500000],"ms":[0.12032990157604218,0.60335160046815872]},"ForLoop_SetValue":{"count":[],"ms":[]}},"development":{"ForLoop":{"count":[100000,200000,500000,1000,100,900],"ms":[0.0095098018646240234,0.01877250149846077,0.048437498509883881,0.00012059882283210754,1.5199184417724609e-05,9.059906005859375e-05]},"ForEachLoop":{"count":[500000],"ms":[0.081160496920347214]},"ForEachLoopWithBreak":{"count":[500000,100000],"ms":[0.10756060108542442,0.02137099951505661]},"ForLoopWithBreak":{"count":[500000,600],"ms":[0.1041066013276577,0.00011470168828964233]},"WhileLoop":{"count":[500000],"ms":[0.052856400609016418]},"ReverseForEachLoop":{"count":[100000,500000],"ms":[0.016796000301837921,0.083420399576425552]},"ForLoop_SetValue":{"count":[],"ms":[]}},"packaged":{"ForLoop":{"count":[100000,200000,500000,300000,400000,130000,900],"ms":[0.0074893981218338013,0.01440969854593277,0.035636801272630692,0.021122798323631287,0.028320401906967163,0.0099290013313293457,8.1799924373626709e-05]},"ForEachLoop":{"count":[500000,100000],"ms":[0.056003700941801071,0.011057998985052109]},"ForEachLoopWithBreak":{"count":[500000,100000],"ms":[0.083536900579929352,0.015239197760820389]},"ForLoopWithBreak":{"count":[500000,100000,900,600],"ms":[0.078843198716640472,0.013735197484493256,0.00012550130486488342,8.6601823568344116e-05]},"WhileLoop":{"count":[500000],"ms":[0.037819400429725647]},"ReverseForEachLoop":{"count":[100000,500000],"ms":[0.007852800190448761,0.039517097175121307]},"ForLoop_SetValue":{"count":[],"ms":[]}}}