{"editor":{"ForLoop":{"count":[100000,25555,255555,400000,500000,222,200000,300000,1000,100,10000,10,20,40,80,70,60,900,9000],"ms":[0.10126759856939316,0.026903998106718063,0.27350679785013199,0.42558589950203896,0.51522519811987877,0.00023759901523590088,0.21169359982013702,0.33543940261006355,0.001019701361656189,0.00010810047388076782,0.010182600468397141,0.0002084001898765564,0.00035579875111579895,0.00063139945268630981,0.0012170001864433289,0.0010694004595279694,0.00091570243239402771,0.00089100003242492676,0.0090050995349884033]},"ForEachLoop":{"count":[100000,30000,200000,400000,500000,10000,1000,100],"ms":[0.13401250168681145,0.042373400181531906,0.28065089881420135,0.56759919971227646,0.66988499835133553,0.013567298650741577,0.0013343989849090576,0.00014099851250648499]},"ForEachLoopWithBreak":{"count":[0,100000,500000,10000,1000,100],"ms":[5.3979456424713135e-06,0.15119839832186699,0.76576080173254013,0.014887802302837372,0.0014660991728305817,0.00015609711408615112]},"ForLoopWithBreak":{"count":[100000,500000,900,800,700,600,10000,1000,100],"ms":[0.15623399987816811,0.75339050218462944,0.0013654008507728577,0.0011783018708229065,0.0010452009737491608,0.00087789818644523621,0.015088699758052826,0.0015438012778759003,0.00015779957175254822]},"WhileLoop":{"count":[100000,500000,10000,1000,100],"ms":[0.11678840219974518,0.59620010107755661,0.011851899325847626,0.0011891983449459076,0.00012009963393211365]},"ReverseForEachLoop":{"count":[100000,500000,10000,1000,100],"ms":[0.12032990157604218,0.60335160046815872,0.011989500373601913,0.001158200204372406,0.000199098140001297]},"ForLoop_SetValue":{"count":[],"ms":[]}},"development":{"ForLoop":{"count":[100000,200000,500000,1000,100,900,10000,9000,10],"ms":[0.0095098018646240234,0.01877250149846077,0.048437498509883881,0.00012059882283210754,1.4599412679672241e-05,9.059906005859375e-05,0.00097500160336494446,0.00095249712467193604,3.2000243663787842e-06]},"ForEachLoop":{"count":[500000,10000,1000,100],"ms":[0.081160496920347214,0.0026765987277030945,0.000194597989320755,1.9900500774383545e-05]},"ForEachLoopWithBreak":{"count":[500000,100000,10000,1000,100],"ms":[0.10756060108542442,0.02137099951505661,0.0022311024367809296,0.00022830069065093994,3.2499432563781738e-05]},"ForLoopWithBreak":{"count":[500000,600,10000,1000,100],"ms":[0.1041066013276577,0.00011470168828964233,0.0019619017839431763,0.00022650137543678284,2.2500753402709961e-05]},"WhileLoop":{"count":[500000,10000,1000,100],"ms":[0.052856400609016418,0.0011799000203609467,0.00013229995965957642,1.3198703527450562e-05]},"ReverseForEachLoop":{"count":[100000,500000,10000,1000,100],"ms":[0.016796000301837921,0.083420399576425552,0.0016977973282337189,0.00010930001735687256,1.6700476408004761e-05]},"ForLoop_SetValue":{"count":[],"ms":[]}},"packaged":{"ForLoop":{"count":[100000,200000,500000,300000,400000,130000,900,10000,9000,1000,100],"ms":[0.0072830989956855774,0.01440969854593277,0.035636801272630692,0.021122798323631287,0.028320401906967163,0.0099290013313293457,8.1799924373626709e-05,0.00078989937901496887,0.00064370036125183105,7.100030779838562e-05,1.0501593351364136e-05]},"ForEachLoop":{"count":[500000,100000,10000,1000,100],"ms":[0.056003700941801071,0.011057998985052109,0.0013080015778541565,0.00012949854135513306,1.3299286365509033e-05]},"ForEachLoopWithBreak":{"count":[500000,100000,10000,1000,100],"ms":[0.083536900579929352,0.015401300042867661,0.0015296004712581635,0.00015689805150032043,2.1800398826599121e-05]},"ForLoopWithBreak":{"count":[500000,100000,900,600,10000,1000,100],"ms":[0.078843198716640472,0.013735197484493256,0.00012550130486488342,8.6601823568344116e-05,0.0014436021447181702,0.00019380077719688416,2.09026038646698e-05]},"WhileLoop":{"count":[500000,10000,1000,100],"ms":[0.037819400429725647,0.00080459937453269958,8.2600861787796021e-05,1.1797994375228882e-05]},"ReverseForEachLoop":{"count":[100000,500000,10000,1000,100],"ms":[0.007852800190448761,0.039517097175121307,0.00077870115637779236,7.8100711107254028e-05,1.440197229385376e-05]},"ForLoop_SetValue":{"count":[],"ms":[]}}}